test_collection,file_path,should_fail,known_status,known_failure,known_failure_description
VCELL_BIOMD,BIOMD0000000005.omex,,PASS,,
VCELL_BIOMD,BIOMD0000000175.omex,,FAIL,MATH_GENERATION_FAILURE,"unknown identifier I_Net_E44PPI3K_binding"
VCELL_BIOMD,BIOMD0000000302.omex,,FAIL,MATH_GENERATION_FAILURE,"Initial condition for variable 'h_post' references variable 'V_post'"
VCELL_BIOMD,BIOMD0000000520.omex,,PASS,,
VCELL_BIOMD,BIOMD0000000561.omex,,FAIL,UNCATETORIZED_FAULT,"not a dynamic system - can't solve"
VCELL_BIOMD,BIOMD0000000569.omex,,PASS,,
VCELL_BIOMD,BIOMD0000000618.omex,,FAIL,SBML_IMPORT_FAILURE,"couldn't find SBase with sid=null in SBMLSymbolMapping"
VCELL_BIOMD,BIOMD0000000651.omex,,PASS,,
VCELL_BIOMD,BIOMD0000000668.omex,,PASS,,
VCELL_BIOMD,BIOMD0000000669.omex,,PASS,,
VCELL_BIOMD,BIOMD0000000676.omex,,PASS,,
VCELL_BIOMD,BIOMD0000000679.omex,,,,
VCELL_BIOMD,BIOMD0000000680.omex,,,,
VCELL_BIOMD,BIOMD0000000681.omex,,,,
VCELL_BIOMD,BIOMD0000000684.omex,,,,
VCELL_BIOMD,BIOMD0000000718.omex,,PASS,,
VCELL_BIOMD,BIOMD0000000724.omex,,,,
VCELL_BIOMD,BIOMD0000000731.omex,,FAIL,SBML_IMPORT_FAILURE,"Error binding global parameter 'Treg_origin_fraction_CD4' to model"
VCELL_BIOMD,BIOMD0000000842.omex,,PASS,,
VCELL_BIOMD,BIOMD0000000843.omex,,PASS,,
VCELL_BIOMD,BIOMD0000000915.omex,,,,
VCELL_BIOMD,BIOMD0000000932.omex,,PASS,,
VCELL_BIOMD,BIOMD0000000944.omex,,PASS,,
VCELL_BIOMD,BIOMD0000000951.omex,,PASS,,
VCELL_BIOMD,BIOMD0000000957.omex,,PASS,,
VCELL_BIOMD,BIOMD0000000968.omex,,PASS,,
VCELL_BIOMD,BIOMD0000000972.omex,,PASS,,
VCELL_BIOMD,BIOMD0000000973.omex,,PASS,,
VCELL_BIOMD,BIOMD0000000983.omex,,PASS,,
VCELL_BIOMD,BIOMD0000000985.omex,,PASS,,
VCELL_BIOMD,BIOMD0000000989.omex,,PASS,,
VCELL_BIOMD,BIOMD0000000991.omex,,PASS,,
VCELL_BIOMD,BIOMD0000000997.omex,,PASS,,
VCELL_BIOMD,BIOMD0000001010.omex,,PASS,,
VCELL_BIOMD,BIOMD0000001014.omex,,PASS,,
VCELL_BIOMD,BIOMD0000001018.omex,,PASS,,
VCELL_BIOMD,BIOMD0000001061.omex,,FAIL,SEDML_NO_SEDMLS_TO_EXECUTE,"There are no SED-MLs in the archive to execute"
VCELL_BIOMD,BIOMD0000001064.omex,,FAIL,SEDML_NO_SEDMLS_TO_EXECUTE,"There are no SED-MLs in the archive to execute"
VCELL_BIOMD,BIOMD0000001072.omex,,PASS,,
VCELL_BIOMD,BIOMD0000001077.omex,,PASS,,
VCELL_BSTS_VCML,Powers-Pflugers-Arch-2016-Drosophila-synaptic-strength.omex,,,,
VCELL_BSTS_SBML_CORE,Caravagna-J-Theor-Biol-2010-tumor-suppressive-oscillations.omex,,,,
VCELL_BSTS_SBML_CORE,Parmar-BMC-Syst-Biol-2017-iron-distribution.omex,,,,
VCELL_BSTS_SBML_CORE,Vilar-PNAS-2002-minimal-circardian-clock-discrete-NRM.omex,,,,
VCELL_BSTS_SBML_CORE,Ciliberto-J-Cell-Biol-2003-morphogenesis-checkpoint-Fehlberg.omex,,,,
VCELL_BSTS_SBML_CORE,Szymanska-J-Theor-Biol-2009-HSP-synthesis.omex,,,,
VCELL_BSTS_SBML_CORE,Vilar-PNAS-2002-minimal-circardian-clock-discrete-SSA.omex,,,,
VCELL_BSTS_SBML_CORE,Ciliberto-J-Cell-Biol-2003-morphogenesis-checkpoint-continuous.omex,,,,
VCELL_BSTS_SBML_CORE,Tomida-EMBO-J-2003-NFAT-translocation.omex,,,,
VCELL_BSTS_SBML_CORE,Vilar-PNAS-2002-minimal-circardian-clock.omex,,,,
VCELL_BSTS_SBML_CORE,Edelstein-Biol-Cybern-1996-Nicotinic-excitation.omex,,,,
VCELL_BSTS_SBML_CORE,Varusai-Sci-Rep-2018-mTOR-signaling-LSODA-LSODAR-SBML.omex,,,,
VCELL_BSTS_SBML_CORE,Elowitz-Nature-2000-Repressilator.omex,,,,
VCELL_BSTS_SBML_CORE,Vilar-PNAS-2002-minimal-circardian-clock-continuous.omex,,,,
VCELL_BSTS_SYNTHS,docker_image/SingularityImageExecutesSimulationsSuccessfully/1.execution-should-succeed.omex,,,,
VCELL_BSTS_SYNTHS,results_report/SimulatorGeneratesReportsOfSimulationResults/1.execution-should-succeed.omex,,,,
VCELL_BSTS_SYNTHS,combine_archive/WhenACombineArchiveHasAMasterFileSimulatorOnlyExecutesThisFile/1.execution-should-succeed.omex,,,,
VCELL_BSTS_SYNTHS,combine_archive/WhenACombineArchiveHasNoMasterFileSimulatorExecutesAllSedDocuments/1.execution-should-succeed.omex,,,,
VCELL_BSTS_SYNTHS,combine_archive/CombineArchiveHasSedDocumentsWithSameNamesInDifferentInNestedDirectories/1.execution-should-succeed.omex,,,,
VCELL_BSTS_SYNTHS,combine_archive/CombineArchiveHasSedDocumentsInNestedDirectories/1.execution-should-succeed.omex,,,,
VCELL_BSTS_SYNTHS,log/SimulatorReportsTheStatusOfTheExecutionOfSedDocuments/1.execution-should-succeed.omex,,,,
VCELL_BSTS_SYNTHS,log/SimulatorReportsTheStatusOfTheExecutionOfSedOutputs/1.execution-should-succeed.omex,,,,
VCELL_BSTS_SYNTHS,log/SimulatorReportsTheStatusOfTheExecutionOfCombineArchives/1.execution-should-succeed.omex,,,,
VCELL_BSTS_SYNTHS,log/SimulatorReportsTheStatusOfTheExecutionOfSedTasks/1.execution-should-succeed.omex,,,,
VCELL_BSTS_SYNTHS,sedml/SimulatorSupportsAddReplaceRemoveModelElementChanges/3.execute-should-fail.omex,TRUE,FAIL,SEDML_ERRONEOUS_UNIT_SYSTEM,
VCELL_BSTS_SYNTHS,sedml/SimulatorSupportsAddReplaceRemoveModelElementChanges/1.execute-should-fail.omex,TRUE,FAIL,SEDML_ERRONEOUS_UNIT_SYSTEM,
VCELL_BSTS_SYNTHS,sedml/SimulatorSupportsAddReplaceRemoveModelElementChanges/2.execution-should-succeed.omex,,,,
VCELL_BSTS_SYNTHS,sedml/SimulatorSupportsRepeatedTasksWithMultipleSubTasks/1.execution-should-succeed.omex,,,,
VCELL_BSTS_SYNTHS,sedml/SimulatorProducesMultiplePlots/1.execution-should-succeed.omex,,,,
VCELL_BSTS_SYNTHS,sedml/SimulatorProducesMultiplePlots/2.execution-should-succeed.omex,,,,
VCELL_BSTS_SYNTHS,sedml/SimulatorSupportsRepeatedTasksWithChanges/1.execute-should-fail.omex,TRUE,SKIP,SEDML_SBML_LEVEL_CHANGE,
VCELL_BSTS_SYNTHS,sedml/SimulatorSupportsRepeatedTasksWithChanges/2.execution-should-succeed.omex,,SKIP,SEDML_SBML_LEVEL_CHANGE,
VCELL_BSTS_SYNTHS,sedml/SimulatorSupportsDataGeneratorsWithDifferentShapes/1.execution-should-succeed.omex,,,,
VCELL_BSTS_SYNTHS,sedml/SimulatorSupportsRepeatedTasksWithFunctionalRanges/1.execution-should-succeed.omex,,,,
VCELL_BSTS_SYNTHS,sedml/SimulatorSupportsDataSetsWithDifferentShapes/1.execution-should-succeed.omex,,,,
VCELL_BSTS_SYNTHS,sedml/SimulatorSupportsRepeatedTasksWithVectorRanges/1.execution-should-succeed.omex,,,,
VCELL_BSTS_SYNTHS,sedml/SimulatorSupportsComputeModelChanges/1.execute-should-fail.omex,TRUE,SKIP,SEDML_SBML_LEVEL_CHANGE,
VCELL_BSTS_SYNTHS,sedml/SimulatorSupportsComputeModelChanges/2.execution-should-succeed.omex,,SKIP,SEDML_SBML_LEVEL_CHANGE,
VCELL_BSTS_SYNTHS,sedml/SimulatorSupportsMultipleReportsPerSedDocument/1.execution-should-succeed.omex,,,,
VCELL_BSTS_SYNTHS,sedml/SimulatorProducesLogarithmic2DPlots/1.execution-should-succeed.omex,,,,
VCELL_BSTS_SYNTHS,sedml/SimulatorProducesLogarithmic2DPlots/2.execution-should-succeed.omex,,,,
VCELL_BSTS_SYNTHS,sedml/SimulatorCanResolveModelSourcesDefinedByUriFragmentsAndInheritChanges/1.execution-should-succeed.omex,,,,
VCELL_BSTS_SYNTHS,sedml/SimulatorSupportsModelsSimulationsTasksDataGeneratorsAndReports/1.execution-should-succeed.omex,,,,
VCELL_BSTS_SYNTHS,sedml/SimulatorSupportsModelAttributeChanges/1.execute-should-fail.omex,TRUE,FAIL,SEDML_ERRONEOUS_UNIT_SYSTEM,
VCELL_BSTS_SYNTHS,sedml/SimulatorSupportsModelAttributeChanges/2.execution-should-succeed.omex,,SKIP,SEDML_SBML_LEVEL_CHANGE,
VCELL_BSTS_SYNTHS,sedml/SimulatorSupportsRepeatedTasksWithNestedRepeatedTasks/1.execution-should-succeed.omex,,,,
VCELL_BSTS_SYNTHS,sedml/SimulatorSupportsRepeatedTasksWithLogarithmicUniformRanges/1.execution-should-succeed.omex,,,,
VCELL_BSTS_SYNTHS,sedml/SimulatorSupportsRepeatedTasksWithLinearUniformRanges/1.execution-should-succeed.omex,,,,
VCELL_BSTS_SYNTHS,sedml/SimulatorSupportsUniformTimeCoursesWithNonZeroInitialTimes/1.execution-should-succeed.omex,,,,
VCELL_BSTS_SYNTHS,sedml/SimulatorSupportsMultipleTasksPerSedDocument/1.execution-should-succeed.omex,,,,
VCELL_BSTS_SYNTHS,sedml/SimulatorSupportsAlgorithmParameters/1.execution-should-succeed.omex,,,,
VCELL_BSTS_SYNTHS,sedml/SimulatorSupportsUniformTimeCoursesWithNonZeroOutputStartTimes/1.execution-should-succeed.omex,,,,
VCELL_BSTS_SYNTHS,sedml/SimulatorSupportsRepeatedTasksWithFunctionalRangeVariables/1.execute-should-fail.omex,TRUE,SKIP,SEDML_SBML_LEVEL_CHANGE,
VCELL_BSTS_SYNTHS,sedml/SimulatorSupportsRepeatedTasksWithFunctionalRangeVariables/2.execution-should-succeed.omex,,SKIP,SEDML_SBML_LEVEL_CHANGE,
VCELL_BSTS_SYNTHS,sedml/SimulatorProducesLinear2DPlots/1.execution-should-succeed.omex,,,,
VCELL_BSTS_SYNTHS,sedml/SimulatorProducesLinear2DPlots/2.execution-should-succeed.omex,,,,
VCELL_BSTS_SYNTHS,sedml/SimulatorSupportsRepeatedTasksWithNestedFunctionalRanges/1.execution-should-succeed.omex,,,,
VCELL_BSTS_SYNTHS,sedml/SimulatorSupportsRepeatedTasksWithSubTasksOfMixedTypes/1.execution-should-succeed.omex,,,,
VCELL_BSTS_SYNTHS,sedml/SimulatorSupportsRepeatedTasksWithSubTasksOfMixedTypes/2.execution-should-succeed.omex,,,,
VCELL_BSTS_SYNTHS,sedml/SimulatorCanResolveModelSourcesDefinedByUriFragments/1.execution-should-succeed.omex,,,,
VCELL_BSTS_SYNTHS,sedml/SimulatorSupportsSubstitutingAlgorithms/3.execute-should-fail.omex,TRUE,,,
VCELL_BSTS_SYNTHS,sedml/SimulatorSupportsSubstitutingAlgorithms/4.execution-should-succeed.omex,,,,
VCELL_BSTS_SYNTHS,sedml/SimulatorSupportsSubstitutingAlgorithms/1.execute-should-fail.omex,TRUE,,,
VCELL_BSTS_SYNTHS,sedml/SimulatorSupportsSubstitutingAlgorithms/2.execution-should-succeed.omex.omex,,,,
SYSBIO_BIOMD,BIOMD0000000001.omex,,PASS,,
SYSBIO_BIOMD,BIOMD0000000002.omex,,PASS,,
SYSBIO_BIOMD,BIOMD0000000003.omex,,PASS,,
SYSBIO_BIOMD,BIOMD0000000004.omex,,PASS,,
SYSBIO_BIOMD,BIOMD0000000005.omex,,PASS,,
SYSBIO_BIOMD,BIOMD0000000006.omex,,PASS,,
SYSBIO_BIOMD,BIOMD0000000007.omex,,PASS,,
SYSBIO_BIOMD,BIOMD0000000008.omex,,PASS,,
SYSBIO_BIOMD,BIOMD0000000009.omex,,PASS,,
SYSBIO_BIOMD,BIOMD0000000010.omex,,PASS,,
SYSBIO_BIOMD,BIOMD0000000011.omex,,PASS,,
SYSBIO_BIOMD,BIOMD0000000012.omex,,PASS,,
SYSBIO_BIOMD,BIOMD0000000013.omex,,PASS,,
SYSBIO_BIOMD,BIOMD0000000014.omex,,PASS,,
SYSBIO_BIOMD,BIOMD0000000015.omex,,PASS,,
SYSBIO_BIOMD,BIOMD0000000016.omex,,PASS,,
SYSBIO_BIOMD,BIOMD0000000017.omex,,PASS,,
SYSBIO_BIOMD,BIOMD0000000018.omex,,PASS,,
SYSBIO_BIOMD,BIOMD0000000019.omex,,PASS,,
SYSBIO_BIOMD,BIOMD0000000020.omex,,PASS,,
SYSBIO_BIOMD,BIOMD0000000021.omex,,PASS,,
SYSBIO_BIOMD,BIOMD0000000022.omex,,PASS,,
SYSBIO_BIOMD,BIOMD0000000023.omex,,PASS,,
SYSBIO_BIOMD,BIOMD0000000024.omex,,,,
SYSBIO_BIOMD,BIOMD0000000025.omex,,,,
SYSBIO_BIOMD,BIOMD0000000026.omex,,PASS,,
SYSBIO_BIOMD,BIOMD0000000027.omex,,PASS,,
SYSBIO_BIOMD,BIOMD0000000028.omex,,PASS,,
SYSBIO_BIOMD,BIOMD0000000029.omex,,PASS,,
SYSBIO_BIOMD,BIOMD0000000030.omex,,PASS,,
SYSBIO_BIOMD,BIOMD0000000031.omex,,PASS,,
SYSBIO_BIOMD,BIOMD0000000032.omex,,PASS,,
SYSBIO_BIOMD,BIOMD0000000033.omex,,PASS,,
SYSBIO_BIOMD,BIOMD0000000034.omex,,,,
SYSBIO_BIOMD,BIOMD0000000035.omex,,PASS,,
SYSBIO_BIOMD,BIOMD0000000036.omex,,PASS,,
SYSBIO_BIOMD,BIOMD0000000037.omex,,PASS,,
SYSBIO_BIOMD,BIOMD0000000038.omex,,PASS,,
SYSBIO_BIOMD,BIOMD0000000039.omex,,,,
SYSBIO_BIOMD,BIOMD0000000040.omex,,,,
SYSBIO_BIOMD,BIOMD0000000041.omex,,PASS,,
SYSBIO_BIOMD,BIOMD0000000042.omex,,PASS,,
SYSBIO_BIOMD,BIOMD0000000043.omex,,PASS,,
SYSBIO_BIOMD,BIOMD0000000044.omex,,PASS,,
SYSBIO_BIOMD,BIOMD0000000045.omex,,PASS,,
SYSBIO_BIOMD,BIOMD0000000046.omex,,PASS,,
SYSBIO_BIOMD,BIOMD0000000047.omex,,PASS,,
SYSBIO_BIOMD,BIOMD0000000048.omex,,PASS,,
SYSBIO_BIOMD,BIOMD0000000049.omex,,PASS,,
SYSBIO_BIOMD,BIOMD0000000050.omex,,PASS,,
SYSBIO_BIOMD,BIOMD0000000051.omex,,PASS,,
SYSBIO_BIOMD,BIOMD0000000052.omex,,PASS,,
SYSBIO_BIOMD,BIOMD0000000053.omex,,PASS,,
SYSBIO_BIOMD,BIOMD0000000054.omex,,,,
SYSBIO_BIOMD,BIOMD0000000055.omex,,PASS,,
SYSBIO_BIOMD,BIOMD0000000056.omex,,PASS,,
SYSBIO_BIOMD,BIOMD0000000057.omex,,PASS,,
SYSBIO_BIOMD,BIOMD0000000058.omex,,PASS,,
SYSBIO_BIOMD,BIOMD0000000059.omex,,,,
SYSBIO_BIOMD,BIOMD0000000060.omex,,PASS,,
SYSBIO_BIOMD,BIOMD0000000061.omex,,PASS,,
SYSBIO_BIOMD,BIOMD0000000062.omex,,PASS,,
SYSBIO_BIOMD,BIOMD0000000063.omex,,,,
SYSBIO_BIOMD,BIOMD0000000064.omex,,PASS,,
SYSBIO_BIOMD,BIOMD0000000065.omex,,PASS,,
SYSBIO_BIOMD,BIOMD0000000066.omex,,PASS,,
SYSBIO_BIOMD,BIOMD0000000067.omex,,PASS,,
SYSBIO_BIOMD,BIOMD0000000068.omex,,PASS,,
SYSBIO_BIOMD,BIOMD0000000069.omex,,PASS,,
SYSBIO_BIOMD,BIOMD0000000070.omex,,PASS,,
SYSBIO_BIOMD,BIOMD0000000071.omex,,PASS,,
SYSBIO_BIOMD,BIOMD0000000072.omex,,PASS,,
SYSBIO_BIOMD,BIOMD0000000073.omex,,PASS,,
SYSBIO_BIOMD,BIOMD0000000074.omex,,PASS,,
SYSBIO_BIOMD,BIOMD0000000075.omex,,PASS,,
SYSBIO_BIOMD,BIOMD0000000076.omex,,PASS,,
SYSBIO_BIOMD,BIOMD0000000077.omex,,PASS,,
SYSBIO_BIOMD,BIOMD0000000078.omex,,PASS,,
SYSBIO_BIOMD,BIOMD0000000079.omex,,PASS,,
SYSBIO_BIOMD,BIOMD0000000080.omex,,PASS,,
SYSBIO_BIOMD,BIOMD0000000081.omex,,,,
SYSBIO_BIOMD,BIOMD0000000082.omex,,PASS,,
SYSBIO_BIOMD,BIOMD0000000083.omex,,PASS,,
SYSBIO_BIOMD,BIOMD0000000084.omex,,PASS,,
SYSBIO_BIOMD,BIOMD0000000085.omex,,PASS,,
SYSBIO_BIOMD,BIOMD0000000086.omex,,PASS,,
SYSBIO_BIOMD,BIOMD0000000087.omex,,PASS,,
SYSBIO_BIOMD,BIOMD0000000088.omex,,PASS,,
SYSBIO_BIOMD,BIOMD0000000089.omex,,PASS,,
SYSBIO_BIOMD,BIOMD0000000090.omex,,PASS,,
SYSBIO_BIOMD,BIOMD0000000091.omex,,PASS,,
SYSBIO_BIOMD,BIOMD0000000092.omex,,PASS,,
SYSBIO_BIOMD,BIOMD0000000093.omex,,PASS,,
SYSBIO_BIOMD,BIOMD0000000094.omex,,PASS,,
SYSBIO_BIOMD,BIOMD0000000095.omex,,PASS,,
SYSBIO_BIOMD,BIOMD0000000096.omex,,PASS,,
SYSBIO_BIOMD,BIOMD0000000097.omex,,PASS,,
SYSBIO_BIOMD,BIOMD0000000098.omex,,PASS,,
SYSBIO_BIOMD,BIOMD0000000099.omex,,PASS,,
SYSBIO_BIOMD,BIOMD0000000100.omex,,PASS,,
SYSBIO_BIOMD,BIOMD0000000101.omex,,PASS,,
SYSBIO_BIOMD,BIOMD0000000102.omex,,PASS,,
SYSBIO_BIOMD,BIOMD0000000103.omex,,PASS,,
SYSBIO_BIOMD,BIOMD0000000104.omex,,PASS,,
SYSBIO_BIOMD,BIOMD0000000105.omex,,PASS,,
SYSBIO_BIOMD,BIOMD0000000106.omex,,PASS,,
SYSBIO_BIOMD,BIOMD0000000107.omex,,PASS,,
SYSBIO_BIOMD,BIOMD0000000108.omex,,PASS,,
SYSBIO_BIOMD,BIOMD0000000109.omex,,PASS,,
SYSBIO_BIOMD,BIOMD0000000110.omex,,PASS,,
SYSBIO_BIOMD,BIOMD0000000111.omex,,PASS,,
SYSBIO_BIOMD,BIOMD0000000112.omex,,,,
SYSBIO_BIOMD,BIOMD0000000113.omex,,PASS,,
SYSBIO_BIOMD,BIOMD0000000114.omex,,PASS,,
SYSBIO_BIOMD,BIOMD0000000115.omex,,PASS,,
SYSBIO_BIOMD,BIOMD0000000116.omex,,PASS,,
SYSBIO_BIOMD,BIOMD0000000117.omex,,PASS,,
SYSBIO_BIOMD,BIOMD0000000118.omex,,PASS,,
SYSBIO_BIOMD,BIOMD0000000119.omex,,PASS,,
SYSBIO_BIOMD,BIOMD0000000120.omex,,PASS,,
SYSBIO_BIOMD,BIOMD0000000121.omex,,PASS,,
SYSBIO_BIOMD,BIOMD0000000122.omex,,PASS,,
SYSBIO_BIOMD,BIOMD0000000123.omex,,PASS,,
SYSBIO_BIOMD,BIOMD0000000124.omex,,PASS,,
SYSBIO_BIOMD,BIOMD0000000125.omex,,PASS,,
SYSBIO_BIOMD,BIOMD0000000126.omex,,PASS,,
SYSBIO_BIOMD,BIOMD0000000127.omex,,PASS,,
SYSBIO_BIOMD,BIOMD0000000128.omex,,PASS,,
SYSBIO_BIOMD,BIOMD0000000129.omex,,PASS,,
SYSBIO_BIOMD,BIOMD0000000130.omex,,PASS,,
SYSBIO_BIOMD,BIOMD0000000131.omex,,PASS,,
SYSBIO_BIOMD,BIOMD0000000132.omex,,PASS,,
SYSBIO_BIOMD,BIOMD0000000133.omex,,PASS,,
SYSBIO_BIOMD,BIOMD0000000134.omex,,PASS,,
SYSBIO_BIOMD,BIOMD0000000135.omex,,PASS,,
SYSBIO_BIOMD,BIOMD0000000136.omex,,PASS,,
SYSBIO_BIOMD,BIOMD0000000137.omex,,,,
SYSBIO_BIOMD,BIOMD0000000138.omex,,PASS,,
SYSBIO_BIOMD,BIOMD0000000139.omex,,PASS,,
SYSBIO_BIOMD,BIOMD0000000140.omex,,PASS,,
SYSBIO_BIOMD,BIOMD0000000141.omex,,PASS,,
SYSBIO_BIOMD,BIOMD0000000142.omex,,PASS,,
SYSBIO_BIOMD,BIOMD0000000143.omex,,PASS,,
SYSBIO_BIOMD,BIOMD0000000144.omex,,PASS,,
SYSBIO_BIOMD,BIOMD0000000145.omex,,,,
SYSBIO_BIOMD,BIOMD0000000146.omex,,PASS,,
SYSBIO_BIOMD,BIOMD0000000147.omex,,PASS,,
SYSBIO_BIOMD,BIOMD0000000148.omex,,PASS,,
SYSBIO_BIOMD,BIOMD0000000149.omex,,PASS,,
SYSBIO_BIOMD,BIOMD0000000150.omex,,PASS,,
SYSBIO_BIOMD,BIOMD0000000151.omex,,,,
SYSBIO_BIOMD,BIOMD0000000152.omex,,PASS,,
SYSBIO_BIOMD,BIOMD0000000153.omex,,PASS,,
SYSBIO_BIOMD,BIOMD0000000154.omex,,,,
SYSBIO_BIOMD,BIOMD0000000155.omex,,,,
SYSBIO_BIOMD,BIOMD0000000156.omex,,PASS,,
SYSBIO_BIOMD,BIOMD0000000157.omex,,PASS,,
SYSBIO_BIOMD,BIOMD0000000158.omex,,PASS,,
SYSBIO_BIOMD,BIOMD0000000159.omex,,PASS,,
SYSBIO_BIOMD,BIOMD0000000160.omex,,PASS,,
SYSBIO_BIOMD,BIOMD0000000161.omex,,PASS,,
SYSBIO_BIOMD,BIOMD0000000162.omex,,PASS,,
SYSBIO_BIOMD,BIOMD0000000163.omex,,PASS,,
SYSBIO_BIOMD,BIOMD0000000164.omex,,PASS,,
SYSBIO_BIOMD,BIOMD0000000165.omex,,PASS,,
SYSBIO_BIOMD,BIOMD0000000166.omex,,PASS,,
SYSBIO_BIOMD,BIOMD0000000167.omex,,PASS,,
SYSBIO_BIOMD,BIOMD0000000168.omex,,PASS,,
SYSBIO_BIOMD,BIOMD0000000169.omex,,PASS,,
SYSBIO_BIOMD,BIOMD0000000170.omex,,PASS,,
SYSBIO_BIOMD,BIOMD0000000171.omex,,PASS,,
SYSBIO_BIOMD,BIOMD0000000172.omex,,PASS,,
SYSBIO_BIOMD,BIOMD0000000173.omex,,PASS,,
SYSBIO_BIOMD,BIOMD0000000174.omex,,PASS,,
SYSBIO_BIOMD,BIOMD0000000175.omex,,,,
SYSBIO_BIOMD,BIOMD0000000176.omex,,PASS,,
SYSBIO_BIOMD,BIOMD0000000177.omex,,PASS,,
SYSBIO_BIOMD,BIOMD0000000178.omex,,PASS,,
SYSBIO_BIOMD,BIOMD0000000179.omex,,PASS,,
SYSBIO_BIOMD,BIOMD0000000180.omex,,PASS,,
SYSBIO_BIOMD,BIOMD0000000181.omex,,PASS,,
SYSBIO_BIOMD,BIOMD0000000182.omex,,PASS,,
SYSBIO_BIOMD,BIOMD0000000183.omex,,PASS,,
SYSBIO_BIOMD,BIOMD0000000184.omex,,PASS,,
SYSBIO_BIOMD,BIOMD0000000185.omex,,PASS,,
SYSBIO_BIOMD,BIOMD0000000186.omex,,PASS,,
SYSBIO_BIOMD,BIOMD0000000187.omex,,PASS,,
SYSBIO_BIOMD,BIOMD0000000188.omex,,PASS,,
SYSBIO_BIOMD,BIOMD0000000189.omex,,PASS,,
SYSBIO_BIOMD,BIOMD0000000190.omex,,PASS,,
SYSBIO_BIOMD,BIOMD0000000191.omex,,PASS,,
SYSBIO_BIOMD,BIOMD0000000192.omex,,PASS,,
SYSBIO_BIOMD,BIOMD0000000193.omex,,PASS,,
SYSBIO_BIOMD,BIOMD0000000194.omex,,PASS,,
SYSBIO_BIOMD,BIOMD0000000195.omex,,PASS,,
SYSBIO_BIOMD,BIOMD0000000196.omex,,,,
SYSBIO_BIOMD,BIOMD0000000197.omex,,PASS,,
SYSBIO_BIOMD,BIOMD0000000198.omex,,PASS,,
SYSBIO_BIOMD,BIOMD0000000199.omex,,,,
SYSBIO_BIOMD,BIOMD0000000200.omex,,PASS,,
SYSBIO_BIOMD,BIOMD0000000201.omex,,PASS,,
SYSBIO_BIOMD,BIOMD0000000202.omex,,PASS,,
SYSBIO_BIOMD,BIOMD0000000203.omex,,PASS,,
SYSBIO_BIOMD,BIOMD0000000204.omex,,PASS,,
SYSBIO_BIOMD,BIOMD0000000205.omex,,PASS,,
SYSBIO_BIOMD,BIOMD0000000206.omex,,,,
SYSBIO_BIOMD,BIOMD0000000207.omex,,PASS,,
SYSBIO_BIOMD,BIOMD0000000208.omex,,PASS,,
SYSBIO_BIOMD,BIOMD0000000209.omex,,PASS,,
SYSBIO_BIOMD,BIOMD0000000210.omex,,PASS,,
SYSBIO_BIOMD,BIOMD0000000211.omex,,PASS,,
SYSBIO_BIOMD,BIOMD0000000212.omex,,PASS,,
SYSBIO_BIOMD,BIOMD0000000213.omex,,PASS,,
SYSBIO_BIOMD,BIOMD0000000214.omex,,PASS,,
SYSBIO_BIOMD,BIOMD0000000215.omex,,PASS,,
SYSBIO_BIOMD,BIOMD0000000216.omex,,PASS,,
SYSBIO_BIOMD,BIOMD0000000217.omex,,PASS,,
SYSBIO_BIOMD,BIOMD0000000218.omex,,PASS,,
SYSBIO_BIOMD,BIOMD0000000219.omex,,PASS,,
SYSBIO_BIOMD,BIOMD0000000220.omex,,PASS,,
SYSBIO_BIOMD,BIOMD0000000221.omex,,PASS,,
SYSBIO_BIOMD,BIOMD0000000222.omex,,PASS,,
SYSBIO_BIOMD,BIOMD0000000223.omex,,PASS,,
SYSBIO_BIOMD,BIOMD0000000224.omex,,PASS,,
SYSBIO_BIOMD,BIOMD0000000225.omex,,PASS,,
SYSBIO_BIOMD,BIOMD0000000226.omex,,PASS,,
SYSBIO_BIOMD,BIOMD0000000227.omex,,PASS,,
SYSBIO_BIOMD,BIOMD0000000228.omex,,PASS,,
SYSBIO_BIOMD,BIOMD0000000229.omex,,PASS,,
SYSBIO_BIOMD,BIOMD0000000230.omex,,PASS,,
SYSBIO_BIOMD,BIOMD0000000231.omex,,PASS,,
SYSBIO_BIOMD,BIOMD0000000232.omex,,,,
SYSBIO_BIOMD,BIOMD0000000233.omex,,PASS,,
SYSBIO_BIOMD,BIOMD0000000234.omex,,,,
SYSBIO_BIOMD,BIOMD0000000235.omex,,PASS,,
SYSBIO_BIOMD,BIOMD0000000236.omex,,PASS,,
SYSBIO_BIOMD,BIOMD0000000237.omex,,PASS,,
SYSBIO_BIOMD,BIOMD0000000238.omex,,PASS,,
SYSBIO_BIOMD,BIOMD0000000239.omex,,PASS,,
SYSBIO_BIOMD,BIOMD0000000240.omex,,PASS,,
SYSBIO_BIOMD,BIOMD0000000241.omex,,PASS,,
SYSBIO_BIOMD,BIOMD0000000242.omex,,PASS,,
SYSBIO_BIOMD,BIOMD0000000243.omex,,PASS,,
SYSBIO_BIOMD,BIOMD0000000244.omex,,,,
SYSBIO_BIOMD,BIOMD0000000245.omex,,,,
SYSBIO_BIOMD,BIOMD0000000246.omex,,,,
SYSBIO_BIOMD,BIOMD0000000247.omex,,PASS,,
SYSBIO_BIOMD,BIOMD0000000248.omex,,,,
SYSBIO_BIOMD,BIOMD0000000249.omex,,PASS,,
SYSBIO_BIOMD,BIOMD0000000250.omex,,PASS,,
SYSBIO_BIOMD,BIOMD0000000251.omex,,PASS,,
SYSBIO_BIOMD,BIOMD0000000252.omex,,PASS,,
SYSBIO_BIOMD,BIOMD0000000253.omex,,PASS,,
SYSBIO_BIOMD,BIOMD0000000254.omex,,PASS,,
SYSBIO_BIOMD,BIOMD0000000255.omex,,PASS,,
SYSBIO_BIOMD,BIOMD0000000256.omex,,,,
SYSBIO_BIOMD,BIOMD0000000257.omex,,PASS,,
SYSBIO_BIOMD,BIOMD0000000258.omex,,PASS,,
SYSBIO_BIOMD,BIOMD0000000259.omex,,PASS,,
SYSBIO_BIOMD,BIOMD0000000260.omex,,PASS,,
SYSBIO_BIOMD,BIOMD0000000261.omex,,PASS,,
SYSBIO_BIOMD,BIOMD0000000262.omex,,PASS,,
SYSBIO_BIOMD,BIOMD0000000263.omex,,PASS,,
SYSBIO_BIOMD,BIOMD0000000264.omex,,PASS,,
SYSBIO_BIOMD,BIOMD0000000265.omex,,PASS,,
SYSBIO_BIOMD,BIOMD0000000266.omex,,PASS,,
SYSBIO_BIOMD,BIOMD0000000267.omex,,PASS,,
SYSBIO_BIOMD,BIOMD0000000268.omex,,PASS,,
SYSBIO_BIOMD,BIOMD0000000269.omex,,PASS,,
SYSBIO_BIOMD,BIOMD0000000270.omex,,PASS,,
SYSBIO_BIOMD,BIOMD0000000271.omex,,PASS,,
SYSBIO_BIOMD,BIOMD0000000272.omex,,PASS,,
SYSBIO_BIOMD,BIOMD0000000273.omex,,PASS,,
SYSBIO_BIOMD,BIOMD0000000274.omex,,PASS,,
SYSBIO_BIOMD,BIOMD0000000275.omex,,PASS,,
SYSBIO_BIOMD,BIOMD0000000276.omex,,,,
SYSBIO_BIOMD,BIOMD0000000277.omex,,,,
SYSBIO_BIOMD,BIOMD0000000278.omex,,PASS,,
SYSBIO_BIOMD,BIOMD0000000279.omex,,PASS,,
SYSBIO_BIOMD,BIOMD0000000280.omex,,PASS,,
SYSBIO_BIOMD,BIOMD0000000281.omex,,PASS,,
SYSBIO_BIOMD,BIOMD0000000282.omex,,PASS,,
SYSBIO_BIOMD,BIOMD0000000283.omex,,PASS,,
SYSBIO_BIOMD,BIOMD0000000284.omex,,PASS,,
SYSBIO_BIOMD,BIOMD0000000285.omex,,PASS,,
SYSBIO_BIOMD,BIOMD0000000286.omex,,PASS,,
SYSBIO_BIOMD,BIOMD0000000287.omex,,PASS,,
SYSBIO_BIOMD,BIOMD0000000288.omex,,PASS,,
SYSBIO_BIOMD,BIOMD0000000289.omex,,PASS,,
SYSBIO_BIOMD,BIOMD0000000290.omex,,PASS,,
SYSBIO_BIOMD,BIOMD0000000291.omex,,PASS,,
SYSBIO_BIOMD,BIOMD0000000292.omex,,PASS,,
SYSBIO_BIOMD,BIOMD0000000293.omex,,PASS,,
SYSBIO_BIOMD,BIOMD0000000294.omex,,PASS,,
SYSBIO_BIOMD,BIOMD0000000295.omex,,PASS,,
SYSBIO_BIOMD,BIOMD0000000296.omex,,PASS,,
SYSBIO_BIOMD,BIOMD0000000297.omex,,PASS,,
SYSBIO_BIOMD,BIOMD0000000298.omex,,PASS,,
SYSBIO_BIOMD,BIOMD0000000299.omex,,PASS,,
SYSBIO_BIOMD,BIOMD0000000300.omex,,PASS,,
SYSBIO_BIOMD,BIOMD0000000301.omex,,,,
SYSBIO_BIOMD,BIOMD0000000302.omex,,,,
SYSBIO_BIOMD,BIOMD0000000303.omex,,PASS,,
SYSBIO_BIOMD,BIOMD0000000304.omex,,PASS,,
SYSBIO_BIOMD,BIOMD0000000305.omex,,,,
SYSBIO_BIOMD,BIOMD0000000306.omex,,PASS,,
SYSBIO_BIOMD,BIOMD0000000307.omex,,PASS,,
SYSBIO_BIOMD,BIOMD0000000308.omex,,PASS,,
SYSBIO_BIOMD,BIOMD0000000309.omex,,PASS,,
SYSBIO_BIOMD,BIOMD0000000310.omex,,PASS,,
SYSBIO_BIOMD,BIOMD0000000311.omex,,PASS,,
SYSBIO_BIOMD,BIOMD0000000312.omex,,PASS,,
SYSBIO_BIOMD,BIOMD0000000313.omex,,PASS,,
SYSBIO_BIOMD,BIOMD0000000314.omex,,PASS,,
SYSBIO_BIOMD,BIOMD0000000315.omex,,PASS,,
SYSBIO_BIOMD,BIOMD0000000316.omex,,PASS,,
SYSBIO_BIOMD,BIOMD0000000317.omex,,PASS,,
SYSBIO_BIOMD,BIOMD0000000318.omex,,PASS,,
SYSBIO_BIOMD,BIOMD0000000319.omex,,,,
SYSBIO_BIOMD,BIOMD0000000320.omex,,PASS,,
SYSBIO_BIOMD,BIOMD0000000321.omex,,PASS,,
SYSBIO_BIOMD,BIOMD0000000322.omex,,PASS,,
SYSBIO_BIOMD,BIOMD0000000323.omex,,PASS,,
SYSBIO_BIOMD,BIOMD0000000324.omex,,PASS,,
SYSBIO_BIOMD,BIOMD0000000325.omex,,PASS,,
SYSBIO_BIOMD,BIOMD0000000326.omex,,PASS,,
SYSBIO_BIOMD,BIOMD0000000327.omex,,PASS,,
SYSBIO_BIOMD,BIOMD0000000328.omex,,PASS,,
SYSBIO_BIOMD,BIOMD0000000329.omex,,PASS,,
SYSBIO_BIOMD,BIOMD0000000330.omex,,PASS,,
SYSBIO_BIOMD,BIOMD0000000331.omex,,PASS,,
SYSBIO_BIOMD,BIOMD0000000332.omex,,PASS,,
SYSBIO_BIOMD,BIOMD0000000333.omex,,PASS,,
SYSBIO_BIOMD,BIOMD0000000334.omex,,PASS,,
SYSBIO_BIOMD,BIOMD0000000335.omex,,PASS,,
SYSBIO_BIOMD,BIOMD0000000336.omex,,PASS,,
SYSBIO_BIOMD,BIOMD0000000337.omex,,PASS,,
SYSBIO_BIOMD,BIOMD0000000338.omex,,,,
SYSBIO_BIOMD,BIOMD0000000339.omex,,,,
SYSBIO_BIOMD,BIOMD0000000340.omex,,PASS,,
SYSBIO_BIOMD,BIOMD0000000341.omex,,PASS,,
SYSBIO_BIOMD,BIOMD0000000342.omex,,,,
SYSBIO_BIOMD,BIOMD0000000343.omex,,PASS,,
SYSBIO_BIOMD,BIOMD0000000344.omex,,,,
SYSBIO_BIOMD,BIOMD0000000345.omex,,PASS,,
SYSBIO_BIOMD,BIOMD0000000346.omex,,PASS,,
SYSBIO_BIOMD,BIOMD0000000347.omex,,PASS,,
SYSBIO_BIOMD,BIOMD0000000348.omex,,PASS,,
SYSBIO_BIOMD,BIOMD0000000349.omex,,PASS,,
SYSBIO_BIOMD,BIOMD0000000350.omex,,PASS,,
SYSBIO_BIOMD,BIOMD0000000351.omex,,PASS,,
SYSBIO_BIOMD,BIOMD0000000352.omex,,PASS,,
SYSBIO_BIOMD,BIOMD0000000353.omex,,,,
SYSBIO_BIOMD,BIOMD0000000354.omex,,,,
SYSBIO_BIOMD,BIOMD0000000355.omex,,,,
SYSBIO_BIOMD,BIOMD0000000356.omex,,PASS,,
SYSBIO_BIOMD,BIOMD0000000357.omex,,PASS,,
SYSBIO_BIOMD,BIOMD0000000358.omex,,PASS,,
SYSBIO_BIOMD,BIOMD0000000359.omex,,PASS,,
SYSBIO_BIOMD,BIOMD0000000360.omex,,PASS,,
SYSBIO_BIOMD,BIOMD0000000361.omex,,PASS,,
SYSBIO_BIOMD,BIOMD0000000362.omex,,PASS,,
SYSBIO_BIOMD,BIOMD0000000363.omex,,PASS,,
SYSBIO_BIOMD,BIOMD0000000364.omex,,PASS,,
SYSBIO_BIOMD,BIOMD0000000365.omex,,PASS,,
SYSBIO_BIOMD,BIOMD0000000366.omex,,PASS,,
SYSBIO_BIOMD,BIOMD0000000367.omex,,PASS,,
SYSBIO_BIOMD,BIOMD0000000368.omex,,PASS,,
SYSBIO_BIOMD,BIOMD0000000369.omex,,PASS,,
SYSBIO_BIOMD,BIOMD0000000370.omex,,PASS,,
SYSBIO_BIOMD,BIOMD0000000371.omex,,PASS,,
SYSBIO_BIOMD,BIOMD0000000372.omex,,PASS,,
SYSBIO_BIOMD,BIOMD0000000373.omex,,PASS,,
SYSBIO_BIOMD,BIOMD0000000374.omex,,PASS,,
SYSBIO_BIOMD,BIOMD0000000375.omex,,PASS,,
SYSBIO_BIOMD,BIOMD0000000376.omex,,PASS,,
SYSBIO_BIOMD,BIOMD0000000377.omex,,PASS,,
SYSBIO_BIOMD,BIOMD0000000378.omex,,PASS,,
SYSBIO_BIOMD,BIOMD0000000379.omex,,PASS,,
SYSBIO_BIOMD,BIOMD0000000380.omex,,PASS,,
SYSBIO_BIOMD,BIOMD0000000381.omex,,PASS,,
SYSBIO_BIOMD,BIOMD0000000382.omex,,PASS,,
SYSBIO_BIOMD,BIOMD0000000383.omex,,,,
SYSBIO_BIOMD,BIOMD0000000384.omex,,,,
SYSBIO_BIOMD,BIOMD0000000385.omex,,,,
SYSBIO_BIOMD,BIOMD0000000386.omex,,,,
SYSBIO_BIOMD,BIOMD0000000387.omex,,,,
SYSBIO_BIOMD,BIOMD0000000388.omex,,,,
SYSBIO_BIOMD,BIOMD0000000389.omex,,PASS,,
SYSBIO_BIOMD,BIOMD0000000390.omex,,PASS,,
SYSBIO_BIOMD,BIOMD0000000391.omex,,PASS,,
SYSBIO_BIOMD,BIOMD0000000392.omex,,,,
SYSBIO_BIOMD,BIOMD0000000393.omex,,PASS,,
SYSBIO_BIOMD,BIOMD0000000394.omex,,PASS,,
SYSBIO_BIOMD,BIOMD0000000395.omex,,PASS,,
SYSBIO_BIOMD,BIOMD0000000396.omex,,PASS,,
SYSBIO_BIOMD,BIOMD0000000397.omex,,PASS,,
SYSBIO_BIOMD,BIOMD0000000398.omex,,PASS,,
SYSBIO_BIOMD,BIOMD0000000399.omex,,PASS,,
SYSBIO_BIOMD,BIOMD0000000400.omex,,PASS,,
SYSBIO_BIOMD,BIOMD0000000401.omex,,PASS,,
SYSBIO_BIOMD,BIOMD0000000402.omex,,PASS,,
SYSBIO_BIOMD,BIOMD0000000403.omex,,PASS,,
SYSBIO_BIOMD,BIOMD0000000404.omex,,PASS,,
SYSBIO_BIOMD,BIOMD0000000405.omex,,PASS,,
SYSBIO_BIOMD,BIOMD0000000406.omex,,PASS,,
SYSBIO_BIOMD,BIOMD0000000407.omex,,PASS,,
SYSBIO_BIOMD,BIOMD0000000408.omex,,PASS,,
SYSBIO_BIOMD,BIOMD0000000409.omex,,PASS,,
SYSBIO_BIOMD,BIOMD0000000410.omex,,PASS,,
SYSBIO_BIOMD,BIOMD0000000411.omex,,PASS,,
SYSBIO_BIOMD,BIOMD0000000412.omex,,PASS,,
SYSBIO_BIOMD,BIOMD0000000413.omex,,PASS,,
SYSBIO_BIOMD,BIOMD0000000414.omex,,PASS,,
SYSBIO_BIOMD,BIOMD0000000415.omex,,,,
SYSBIO_BIOMD,BIOMD0000000416.omex,,PASS,,
SYSBIO_BIOMD,BIOMD0000000417.omex,,PASS,,
SYSBIO_BIOMD,BIOMD0000000418.omex,,PASS,,
SYSBIO_BIOMD,BIOMD0000000419.omex,,PASS,,
SYSBIO_BIOMD,BIOMD0000000420.omex,,PASS,,
SYSBIO_BIOMD,BIOMD0000000421.omex,,PASS,,
SYSBIO_BIOMD,BIOMD0000000422.omex,,PASS,,
SYSBIO_BIOMD,BIOMD0000000423.omex,,PASS,,
SYSBIO_BIOMD,BIOMD0000000424.omex,,,,
SYSBIO_BIOMD,BIOMD0000000425.omex,,PASS,,
SYSBIO_BIOMD,BIOMD0000000426.omex,,,,
SYSBIO_BIOMD,BIOMD0000000427.omex,,PASS,,
SYSBIO_BIOMD,BIOMD0000000428.omex,,PASS,,
SYSBIO_BIOMD,BIOMD0000000429.omex,,,,
SYSBIO_BIOMD,BIOMD0000000430.omex,,PASS,,
SYSBIO_BIOMD,BIOMD0000000431.omex,,PASS,,
SYSBIO_BIOMD,BIOMD0000000432.omex,,PASS,,
SYSBIO_BIOMD,BIOMD0000000433.omex,,PASS,,
SYSBIO_BIOMD,BIOMD0000000434.omex,,PASS,,
SYSBIO_BIOMD,BIOMD0000000435.omex,,PASS,,
SYSBIO_BIOMD,BIOMD0000000436.omex,,PASS,,
SYSBIO_BIOMD,BIOMD0000000437.omex,,PASS,,
SYSBIO_BIOMD,BIOMD0000000438.omex,,PASS,,
SYSBIO_BIOMD,BIOMD0000000439.omex,,PASS,,
SYSBIO_BIOMD,BIOMD0000000440.omex,,PASS,,
SYSBIO_BIOMD,BIOMD0000000441.omex,,PASS,,
SYSBIO_BIOMD,BIOMD0000000442.omex,,PASS,,
SYSBIO_BIOMD,BIOMD0000000443.omex,,PASS,,
SYSBIO_BIOMD,BIOMD0000000444.omex,,PASS,,
SYSBIO_BIOMD,BIOMD0000000445.omex,,PASS,,
SYSBIO_BIOMD,BIOMD0000000446.omex,,PASS,,
SYSBIO_BIOMD,BIOMD0000000447.omex,,PASS,,
SYSBIO_BIOMD,BIOMD0000000448.omex,,PASS,,
SYSBIO_BIOMD,BIOMD0000000449.omex,,PASS,,
SYSBIO_BIOMD,BIOMD0000000450.omex,,PASS,,
SYSBIO_BIOMD,BIOMD0000000451.omex,,PASS,,
SYSBIO_BIOMD,BIOMD0000000452.omex,,PASS,,
SYSBIO_BIOMD,BIOMD0000000453.omex,,PASS,,
SYSBIO_BIOMD,BIOMD0000000454.omex,,PASS,,
SYSBIO_BIOMD,BIOMD0000000455.omex,,PASS,,
SYSBIO_BIOMD,BIOMD0000000456.omex,,PASS,,
SYSBIO_BIOMD,BIOMD0000000457.omex,,,,
SYSBIO_BIOMD,BIOMD0000000458.omex,,PASS,,
SYSBIO_BIOMD,BIOMD0000000459.omex,,,,
SYSBIO_BIOMD,BIOMD0000000460.omex,,,,
SYSBIO_BIOMD,BIOMD0000000461.omex,,,,
SYSBIO_BIOMD,BIOMD0000000462.omex,,PASS,,
SYSBIO_BIOMD,BIOMD0000000463.omex,,,,
SYSBIO_BIOMD,BIOMD0000000464.omex,,PASS,,
SYSBIO_BIOMD,BIOMD0000000465.omex,,PASS,,
SYSBIO_BIOMD,BIOMD0000000466.omex,,PASS,,
SYSBIO_BIOMD,BIOMD0000000467.omex,,PASS,,
SYSBIO_BIOMD,BIOMD0000000468.omex,,,,
SYSBIO_BIOMD,BIOMD0000000469.omex,,,,
SYSBIO_BIOMD,BIOMD0000000470.omex,,,,
SYSBIO_BIOMD,BIOMD0000000471.omex,,,,
SYSBIO_BIOMD,BIOMD0000000472.omex,,,,
SYSBIO_BIOMD,BIOMD0000000473.omex,,,,
SYSBIO_BIOMD,BIOMD0000000474.omex,,,,
SYSBIO_BIOMD,BIOMD0000000475.omex,,PASS,,
SYSBIO_BIOMD,BIOMD0000000476.omex,,PASS,,
SYSBIO_BIOMD,BIOMD0000000477.omex,,PASS,,
SYSBIO_BIOMD,BIOMD0000000478.omex,,PASS,,
SYSBIO_BIOMD,BIOMD0000000479.omex,,PASS,,
SYSBIO_BIOMD,BIOMD0000000480.omex,,PASS,,
SYSBIO_BIOMD,BIOMD0000000481.omex,,PASS,,
SYSBIO_BIOMD,BIOMD0000000482.omex,,PASS,,
SYSBIO_BIOMD,BIOMD0000000483.omex,,PASS,,
SYSBIO_BIOMD,BIOMD0000000484.omex,,PASS,,
SYSBIO_BIOMD,BIOMD0000000485.omex,,PASS,,
SYSBIO_BIOMD,BIOMD0000000486.omex,,PASS,,
SYSBIO_BIOMD,BIOMD0000000487.omex,,PASS,,
SYSBIO_BIOMD,BIOMD0000000488.omex,,PASS,,
SYSBIO_BIOMD,BIOMD0000000489.omex,,PASS,,
SYSBIO_BIOMD,BIOMD0000000490.omex,,PASS,,
SYSBIO_BIOMD,BIOMD0000000491.omex,,PASS,,
SYSBIO_BIOMD,BIOMD0000000492.omex,,PASS,,
SYSBIO_BIOMD,BIOMD0000000493.omex,,PASS,,
SYSBIO_BIOMD,BIOMD0000000494.omex,,PASS,,
SYSBIO_BIOMD,BIOMD0000000495.omex,,PASS,,
SYSBIO_BIOMD,BIOMD0000000496.omex,,,,
SYSBIO_BIOMD,BIOMD0000000497.omex,,,,
SYSBIO_BIOMD,BIOMD0000000498.omex,,,,
SYSBIO_BIOMD,BIOMD0000000499.omex,,,,
SYSBIO_BIOMD,BIOMD0000000500.omex,,,,
SYSBIO_BIOMD,BIOMD0000000501.omex,,,,
SYSBIO_BIOMD,BIOMD0000000502.omex,,PASS,,
SYSBIO_BIOMD,BIOMD0000000503.omex,,PASS,,
SYSBIO_BIOMD,BIOMD0000000504.omex,,PASS,,
SYSBIO_BIOMD,BIOMD0000000505.omex,,PASS,,
SYSBIO_BIOMD,BIOMD0000000506.omex,,PASS,,
SYSBIO_BIOMD,BIOMD0000000507.omex,,PASS,,
SYSBIO_BIOMD,BIOMD0000000508.omex,,PASS,,
SYSBIO_BIOMD,BIOMD0000000509.omex,,PASS,,
SYSBIO_BIOMD,BIOMD0000000510.omex,,PASS,,
SYSBIO_BIOMD,BIOMD0000000511.omex,,PASS,,
SYSBIO_BIOMD,BIOMD0000000512.omex,,PASS,,
SYSBIO_BIOMD,BIOMD0000000513.omex,,PASS,,
SYSBIO_BIOMD,BIOMD0000000514.omex,,PASS,,
SYSBIO_BIOMD,BIOMD0000000515.omex,,PASS,,
SYSBIO_BIOMD,BIOMD0000000516.omex,,PASS,,
SYSBIO_BIOMD,BIOMD0000000517.omex,,PASS,,
SYSBIO_BIOMD,BIOMD0000000518.omex,,PASS,,
SYSBIO_BIOMD,BIOMD0000000519.omex,,PASS,,
SYSBIO_BIOMD,BIOMD0000000520.omex,,PASS,,
SYSBIO_BIOMD,BIOMD0000000521.omex,,PASS,,
SYSBIO_BIOMD,BIOMD0000000522.omex,,PASS,,
SYSBIO_BIOMD,BIOMD0000000523.omex,,PASS,,
SYSBIO_BIOMD,BIOMD0000000524.omex,,PASS,,
SYSBIO_BIOMD,BIOMD0000000525.omex,,PASS,,
SYSBIO_BIOMD,BIOMD0000000526.omex,,PASS,,
SYSBIO_BIOMD,BIOMD0000000527.omex,,PASS,,
SYSBIO_BIOMD,BIOMD0000000528.omex,,PASS,,
SYSBIO_BIOMD,BIOMD0000000529.omex,,PASS,,
SYSBIO_BIOMD,BIOMD0000000530.omex,,PASS,,
SYSBIO_BIOMD,BIOMD0000000531.omex,,,,
SYSBIO_BIOMD,BIOMD0000000532.omex,,,,
SYSBIO_BIOMD,BIOMD0000000533.omex,,PASS,,
SYSBIO_BIOMD,BIOMD0000000534.omex,,,,
SYSBIO_BIOMD,BIOMD0000000535.omex,,,,
SYSBIO_BIOMD,BIOMD0000000536.omex,,,,
SYSBIO_BIOMD,BIOMD0000000537.omex,,,,
SYSBIO_BIOMD,BIOMD0000000538.omex,,PASS,,
SYSBIO_BIOMD,BIOMD0000000539.omex,,PASS,,
SYSBIO_BIOMD,BIOMD0000000540.omex,,PASS,,
SYSBIO_BIOMD,BIOMD0000000541.omex,,PASS,,
SYSBIO_BIOMD,BIOMD0000000542.omex,,,,
SYSBIO_BIOMD,BIOMD0000000543.omex,,PASS,,
SYSBIO_BIOMD,BIOMD0000000544.omex,,PASS,,
SYSBIO_BIOMD,BIOMD0000000545.omex,,PASS,,
SYSBIO_BIOMD,BIOMD0000000546.omex,,PASS,,
SYSBIO_BIOMD,BIOMD0000000547.omex,,,,
SYSBIO_BIOMD,BIOMD0000000548.omex,,PASS,,
SYSBIO_BIOMD,BIOMD0000000549.omex,,PASS,,
SYSBIO_BIOMD,BIOMD0000000550.omex,,PASS,,
SYSBIO_BIOMD,BIOMD0000000551.omex,,PASS,,
SYSBIO_BIOMD,BIOMD0000000552.omex,,PASS,,
SYSBIO_BIOMD,BIOMD0000000553.omex,,PASS,,
SYSBIO_BIOMD,BIOMD0000000554.omex,,,,
SYSBIO_BIOMD,BIOMD0000000555.omex,,,,
SYSBIO_BIOMD,BIOMD0000000556.omex,,,,
SYSBIO_BIOMD,BIOMD0000000557.omex,,PASS,,
SYSBIO_BIOMD,BIOMD0000000558.omex,,PASS,,
SYSBIO_BIOMD,BIOMD0000000559.omex,,PASS,,
SYSBIO_BIOMD,BIOMD0000000560.omex,,PASS,,
SYSBIO_BIOMD,BIOMD0000000561.omex,,,,
SYSBIO_BIOMD,BIOMD0000000562.omex,,,,
SYSBIO_BIOMD,BIOMD0000000563.omex,,PASS,,
SYSBIO_BIOMD,BIOMD0000000564.omex,,PASS,,
SYSBIO_BIOMD,BIOMD0000000565.omex,,PASS,,
SYSBIO_BIOMD,BIOMD0000000566.omex,,,,
SYSBIO_BIOMD,BIOMD0000000567.omex,,,,
SYSBIO_BIOMD,BIOMD0000000568.omex,,PASS,,
SYSBIO_BIOMD,BIOMD0000000569.omex,,PASS,,
SYSBIO_BIOMD,BIOMD0000000570.omex,,,,
SYSBIO_BIOMD,BIOMD0000000571.omex,,PASS,,
SYSBIO_BIOMD,BIOMD0000000572.omex,,PASS,,
SYSBIO_BIOMD,BIOMD0000000573.omex,,PASS,,
SYSBIO_BIOMD,BIOMD0000000574.omex,,,,
SYSBIO_BIOMD,BIOMD0000000575.omex,,,,
SYSBIO_BIOMD,BIOMD0000000576.omex,,PASS,,
SYSBIO_BIOMD,BIOMD0000000577.omex,,PASS,,
SYSBIO_BIOMD,BIOMD0000000578.omex,,,,
SYSBIO_BIOMD,BIOMD0000000579.omex,,PASS,,
SYSBIO_BIOMD,BIOMD0000000580.omex,,PASS,,
SYSBIO_BIOMD,BIOMD0000000581.omex,,PASS,,
SYSBIO_BIOMD,BIOMD0000000582.omex,,PASS,,
SYSBIO_BIOMD,BIOMD0000000583.omex,,PASS,,
SYSBIO_BIOMD,BIOMD0000000584.omex,,PASS,,
SYSBIO_BIOMD,BIOMD0000000585.omex,,PASS,,
SYSBIO_BIOMD,BIOMD0000000586.omex,,PASS,,
SYSBIO_BIOMD,BIOMD0000000587.omex,,PASS,,
SYSBIO_BIOMD,BIOMD0000000588.omex,,PASS,,
SYSBIO_BIOMD,BIOMD0000000589.omex,,,,
SYSBIO_BIOMD,BIOMD0000000590.omex,,PASS,,
SYSBIO_BIOMD,BIOMD0000000591.omex,,,,
SYSBIO_BIOMD,BIOMD0000000592.omex,,,,
SYSBIO_BIOMD,BIOMD0000000593.omex,,,,
SYSBIO_BIOMD,BIOMD0000000594.omex,,PASS,,
SYSBIO_BIOMD,BIOMD0000000595.omex,,PASS,,
SYSBIO_BIOMD,BIOMD0000000596.omex,,,,
SYSBIO_BIOMD,BIOMD0000000597.omex,,PASS,,
SYSBIO_BIOMD,BIOMD0000000598.omex,,PASS,,
SYSBIO_BIOMD,BIOMD0000000599.omex,,,,
SYSBIO_BIOMD,BIOMD0000000600.omex,,PASS,,
SYSBIO_BIOMD,BIOMD0000000601.omex,,PASS,,
SYSBIO_BIOMD,BIOMD0000000602.omex,,PASS,,
SYSBIO_BIOMD,BIOMD0000000603.omex,,PASS,,
SYSBIO_BIOMD,BIOMD0000000604.omex,,PASS,,
SYSBIO_BIOMD,BIOMD0000000605.omex,,PASS,,
SYSBIO_BIOMD,BIOMD0000000606.omex,,PASS,,
SYSBIO_BIOMD,BIOMD0000000607.omex,,PASS,,
SYSBIO_BIOMD,BIOMD0000000608.omex,,,,
SYSBIO_BIOMD,BIOMD0000000609.omex,,PASS,,
SYSBIO_BIOMD,BIOMD0000000610.omex,,PASS,,
SYSBIO_BIOMD,BIOMD0000000611.omex,,PASS,,
SYSBIO_BIOMD,BIOMD0000000612.omex,,PASS,,
SYSBIO_BIOMD,BIOMD0000000613.omex,,,,
SYSBIO_BIOMD,BIOMD0000000614.omex,,PASS,,
SYSBIO_BIOMD,BIOMD0000000615.omex,,PASS,,
SYSBIO_BIOMD,BIOMD0000000616.omex,,PASS,,
SYSBIO_BIOMD,BIOMD0000000617.omex,,PASS,,
SYSBIO_BIOMD,BIOMD0000000618.omex,,,,
SYSBIO_BIOMD,BIOMD0000000619.omex,,PASS,,
SYSBIO_BIOMD,BIOMD0000000620.omex,,,,
SYSBIO_BIOMD,BIOMD0000000621.omex,,,,
SYSBIO_BIOMD,BIOMD0000000622.omex,,PASS,,
SYSBIO_BIOMD,BIOMD0000000623.omex,,PASS,,
SYSBIO_BIOMD,BIOMD0000000624.omex,,PASS,,
SYSBIO_BIOMD,BIOMD0000000625.omex,,PASS,,
SYSBIO_BIOMD,BIOMD0000000626.omex,,PASS,,
SYSBIO_BIOMD,BIOMD0000000627.omex,,,,
SYSBIO_BIOMD,BIOMD0000000628.omex,,,,
SYSBIO_BIOMD,BIOMD0000000629.omex,,PASS,,
SYSBIO_BIOMD,BIOMD0000000630.omex,,PASS,,
SYSBIO_BIOMD,BIOMD0000000631.omex,,PASS,,
SYSBIO_BIOMD,BIOMD0000000632.omex,,,,
SYSBIO_BIOMD,BIOMD0000000633.omex,,PASS,,
SYSBIO_BIOMD,BIOMD0000000634.omex,,PASS,,
SYSBIO_BIOMD,BIOMD0000000635.omex,,PASS,,
SYSBIO_BIOMD,BIOMD0000000636.omex,,PASS,,
SYSBIO_BIOMD,BIOMD0000000637.omex,,,,
SYSBIO_BIOMD,BIOMD0000000638.omex,,,,
SYSBIO_BIOMD,BIOMD0000000639.omex,,PASS,,
SYSBIO_BIOMD,BIOMD0000000640.omex,,PASS,,
SYSBIO_BIOMD,BIOMD0000000641.omex,,PASS,,
SYSBIO_BIOMD,BIOMD0000000642.omex,,PASS,,
SYSBIO_BIOMD,BIOMD0000000643.omex,,,,
SYSBIO_BIOMD,BIOMD0000000644.omex,,,,
SYSBIO_BIOMD,BIOMD0000000645.omex,,,,
SYSBIO_BIOMD,BIOMD0000000646.omex,,PASS,,
SYSBIO_BIOMD,BIOMD0000000647.omex,,PASS,,
SYSBIO_BIOMD,BIOMD0000000648.omex,,PASS,,
SYSBIO_BIOMD,BIOMD0000000650.omex,,PASS,,
SYSBIO_BIOMD,BIOMD0000000651.omex,,PASS,,
SYSBIO_BIOMD,BIOMD0000000652.omex,,PASS,,
SYSBIO_BIOMD,BIOMD0000000653.omex,,PASS,,
SYSBIO_BIOMD,BIOMD0000000654.omex,,PASS,,
SYSBIO_BIOMD,BIOMD0000000655.omex,,PASS,,
SYSBIO_BIOMD,BIOMD0000000656.omex,,PASS,,
SYSBIO_BIOMD,BIOMD0000000657.omex,,PASS,,
SYSBIO_BIOMD,BIOMD0000000658.omex,,PASS,,
SYSBIO_BIOMD,BIOMD0000000659.omex,,PASS,,
SYSBIO_BIOMD,BIOMD0000000660.omex,,PASS,,
SYSBIO_BIOMD,BIOMD0000000661.omex,,PASS,,
SYSBIO_BIOMD,BIOMD0000000662.omex,,PASS,,
SYSBIO_BIOMD,BIOMD0000000663.omex,,PASS,,
SYSBIO_BIOMD,BIOMD0000000664.omex,,PASS,,
SYSBIO_BIOMD,BIOMD0000000665.omex,,PASS,,
SYSBIO_BIOMD,BIOMD0000000666.omex,,PASS,,
SYSBIO_BIOMD,BIOMD0000000667.omex,,PASS,,
SYSBIO_BIOMD,BIOMD0000000668.omex,,PASS,,
SYSBIO_BIOMD,BIOMD0000000669.omex,,PASS,,
SYSBIO_BIOMD,BIOMD0000000670.omex,,PASS,,
SYSBIO_BIOMD,BIOMD0000000671.omex,,PASS,,
SYSBIO_BIOMD,BIOMD0000000672.omex,,PASS,,
SYSBIO_BIOMD,BIOMD0000000673.omex,,,,
SYSBIO_BIOMD,BIOMD0000000674.omex,,PASS,,
SYSBIO_BIOMD,BIOMD0000000675.omex,,PASS,,
SYSBIO_BIOMD,BIOMD0000000676.omex,,PASS,,
SYSBIO_BIOMD,BIOMD0000000677.omex,,PASS,,
SYSBIO_BIOMD,BIOMD0000000678.omex,,PASS,,
SYSBIO_BIOMD,BIOMD0000000679.omex,,PASS,,
SYSBIO_BIOMD,BIOMD0000000680.omex,,PASS,,
SYSBIO_BIOMD,BIOMD0000000681.omex,,PASS,,
SYSBIO_BIOMD,BIOMD0000000682.omex,,PASS,,
SYSBIO_BIOMD,BIOMD0000000683.omex,,PASS,,
SYSBIO_BIOMD,BIOMD0000000684.omex,,PASS,,
SYSBIO_BIOMD,BIOMD0000000685.omex,,PASS,,
SYSBIO_BIOMD,BIOMD0000000686.omex,,PASS,,
SYSBIO_BIOMD,BIOMD0000000687.omex,,PASS,,
SYSBIO_BIOMD,BIOMD0000000688.omex,,PASS,,
SYSBIO_BIOMD,BIOMD0000000689.omex,,PASS,,
SYSBIO_BIOMD,BIOMD0000000690.omex,,PASS,,
SYSBIO_BIOMD,BIOMD0000000691.omex,,PASS,,
SYSBIO_BIOMD,BIOMD0000000692.omex,,PASS,,
SYSBIO_BIOMD,BIOMD0000000693.omex,,PASS,,
SYSBIO_BIOMD,BIOMD0000000695.omex,,PASS,,
SYSBIO_BIOMD,BIOMD0000000696.omex,,,,
SYSBIO_BIOMD,BIOMD0000000697.omex,,PASS,,
SYSBIO_BIOMD,BIOMD0000000698.omex,,PASS,,
SYSBIO_BIOMD,BIOMD0000000699.omex,,PASS,,
SYSBIO_BIOMD,BIOMD0000000700.omex,,PASS,,
SYSBIO_BIOMD,BIOMD0000000701.omex,,PASS,,
SYSBIO_BIOMD,BIOMD0000000702.omex,,PASS,,
SYSBIO_BIOMD,BIOMD0000000703.omex,,PASS,,
SYSBIO_BIOMD,BIOMD0000000704.omex,,PASS,,
SYSBIO_BIOMD,BIOMD0000000705.omex,,,,
SYSBIO_BIOMD,BIOMD0000000706.omex,,,,
SYSBIO_BIOMD,BIOMD0000000707.omex,,PASS,,
SYSBIO_BIOMD,BIOMD0000000708.omex,,PASS,,
SYSBIO_BIOMD,BIOMD0000000709.omex,,PASS,,
SYSBIO_BIOMD,BIOMD0000000710.omex,,,,
SYSBIO_BIOMD,BIOMD0000000711.omex,,,,
SYSBIO_BIOMD,BIOMD0000000712.omex,,PASS,,
SYSBIO_BIOMD,BIOMD0000000713.omex,,PASS,,
SYSBIO_BIOMD,BIOMD0000000714.omex,,PASS,,
SYSBIO_BIOMD,BIOMD0000000715.omex,,PASS,,
SYSBIO_BIOMD,BIOMD0000000716.omex,,PASS,,
SYSBIO_BIOMD,BIOMD0000000717.omex,,PASS,,
SYSBIO_BIOMD,BIOMD0000000718.omex,,PASS,,
SYSBIO_BIOMD,BIOMD0000000719.omex,,,,
SYSBIO_BIOMD,BIOMD0000000720.omex,,PASS,,
SYSBIO_BIOMD,BIOMD0000000721.omex,,PASS,,
SYSBIO_BIOMD,BIOMD0000000722.omex,,PASS,,
SYSBIO_BIOMD,BIOMD0000000723.omex,,PASS,,
SYSBIO_BIOMD,BIOMD0000000724.omex,,PASS,,
SYSBIO_BIOMD,BIOMD0000000725.omex,,PASS,,
SYSBIO_BIOMD,BIOMD0000000726.omex,,PASS,,
SYSBIO_BIOMD,BIOMD0000000727.omex,,PASS,,
SYSBIO_BIOMD,BIOMD0000000728.omex,,PASS,,
SYSBIO_BIOMD,BIOMD0000000729.omex,,PASS,,
SYSBIO_BIOMD,BIOMD0000000730.omex,,PASS,,
SYSBIO_BIOMD,BIOMD0000000731.omex,,,,
SYSBIO_BIOMD,BIOMD0000000732.omex,,,,
SYSBIO_BIOMD,BIOMD0000000733.omex,,PASS,,
SYSBIO_BIOMD,BIOMD0000000734.omex,,PASS,,
SYSBIO_BIOMD,BIOMD0000000735.omex,,PASS,,
SYSBIO_BIOMD,BIOMD0000000736.omex,,PASS,,
SYSBIO_BIOMD,BIOMD0000000737.omex,,PASS,,
SYSBIO_BIOMD,BIOMD0000000738.omex,,PASS,,
SYSBIO_BIOMD,BIOMD0000000739.omex,,,,
SYSBIO_BIOMD,BIOMD0000000740.omex,,PASS,,
SYSBIO_BIOMD,BIOMD0000000741.omex,,PASS,,
SYSBIO_BIOMD,BIOMD0000000742.omex,,PASS,,
SYSBIO_BIOMD,BIOMD0000000743.omex,,PASS,,
SYSBIO_BIOMD,BIOMD0000000744.omex,,PASS,,
SYSBIO_BIOMD,BIOMD0000000745.omex,,PASS,,
SYSBIO_BIOMD,BIOMD0000000746.omex,,PASS,,
SYSBIO_BIOMD,BIOMD0000000747.omex,,PASS,,
SYSBIO_BIOMD,BIOMD0000000748.omex,,PASS,,
SYSBIO_BIOMD,BIOMD0000000749.omex,,PASS,,
SYSBIO_BIOMD,BIOMD0000000750.omex,,PASS,,
SYSBIO_BIOMD,BIOMD0000000751.omex,,PASS,,
SYSBIO_BIOMD,BIOMD0000000752.omex,,PASS,,
SYSBIO_BIOMD,BIOMD0000000753.omex,,PASS,,
SYSBIO_BIOMD,BIOMD0000000754.omex,,PASS,,
SYSBIO_BIOMD,BIOMD0000000755.omex,,PASS,,
SYSBIO_BIOMD,BIOMD0000000756.omex,,PASS,,
SYSBIO_BIOMD,BIOMD0000000757.omex,,PASS,,
SYSBIO_BIOMD,BIOMD0000000758.omex,,PASS,,
SYSBIO_BIOMD,BIOMD0000000759.omex,,PASS,,
SYSBIO_BIOMD,BIOMD0000000760.omex,,PASS,,
SYSBIO_BIOMD,BIOMD0000000761.omex,,PASS,,
SYSBIO_BIOMD,BIOMD0000000762.omex,,PASS,,
SYSBIO_BIOMD,BIOMD0000000763.omex,,PASS,,
SYSBIO_BIOMD,BIOMD0000000764.omex,,,,
SYSBIO_BIOMD,BIOMD0000000765.omex,,PASS,,
SYSBIO_BIOMD,BIOMD0000000766.omex,,PASS,,
SYSBIO_BIOMD,BIOMD0000000767.omex,,PASS,,
SYSBIO_BIOMD,BIOMD0000000768.omex,,PASS,,
SYSBIO_BIOMD,BIOMD0000000769.omex,,PASS,,
SYSBIO_BIOMD,BIOMD0000000770.omex,,PASS,,
SYSBIO_BIOMD,BIOMD0000000771.omex,,PASS,,
SYSBIO_BIOMD,BIOMD0000000772.omex,,PASS,,
SYSBIO_BIOMD,BIOMD0000000773.omex,,PASS,,
SYSBIO_BIOMD,BIOMD0000000774.omex,,PASS,,
SYSBIO_BIOMD,BIOMD0000000775.omex,,PASS,,
SYSBIO_BIOMD,BIOMD0000000776.omex,,PASS,,
SYSBIO_BIOMD,BIOMD0000000777.omex,,PASS,,
SYSBIO_BIOMD,BIOMD0000000778.omex,,PASS,,
SYSBIO_BIOMD,BIOMD0000000779.omex,,PASS,,
SYSBIO_BIOMD,BIOMD0000000780.omex,,PASS,,
SYSBIO_BIOMD,BIOMD0000000781.omex,,PASS,,
SYSBIO_BIOMD,BIOMD0000000782.omex,,PASS,,
SYSBIO_BIOMD,BIOMD0000000783.omex,,PASS,,
SYSBIO_BIOMD,BIOMD0000000784.omex,,PASS,,
SYSBIO_BIOMD,BIOMD0000000785.omex,,PASS,,
SYSBIO_BIOMD,BIOMD0000000786.omex,,,,
SYSBIO_BIOMD,BIOMD0000000787.omex,,PASS,,
SYSBIO_BIOMD,BIOMD0000000788.omex,,PASS,,
SYSBIO_BIOMD,BIOMD0000000789.omex,,PASS,,
SYSBIO_BIOMD,BIOMD0000000790.omex,,PASS,,
SYSBIO_BIOMD,BIOMD0000000791.omex,,PASS,,
SYSBIO_BIOMD,BIOMD0000000792.omex,,PASS,,
SYSBIO_BIOMD,BIOMD0000000793.omex,,PASS,,
SYSBIO_BIOMD,BIOMD0000000794.omex,,,,
SYSBIO_BIOMD,BIOMD0000000795.omex,,PASS,,
SYSBIO_BIOMD,BIOMD0000000796.omex,,PASS,,
SYSBIO_BIOMD,BIOMD0000000797.omex,,PASS,,
SYSBIO_BIOMD,BIOMD0000000798.omex,,PASS,,
SYSBIO_BIOMD,BIOMD0000000799.omex,,PASS,,
SYSBIO_BIOMD,BIOMD0000000800.omex,,PASS,,
SYSBIO_BIOMD,BIOMD0000000801.omex,,PASS,,
SYSBIO_BIOMD,BIOMD0000000802.omex,,PASS,,
SYSBIO_BIOMD,BIOMD0000000803.omex,,,,
SYSBIO_BIOMD,BIOMD0000000804.omex,,,,
SYSBIO_BIOMD,BIOMD0000000805.omex,,PASS,,
SYSBIO_BIOMD,BIOMD0000000806.omex,,PASS,,
SYSBIO_BIOMD,BIOMD0000000807.omex,,PASS,,
SYSBIO_BIOMD,BIOMD0000000808.omex,,PASS,,
SYSBIO_BIOMD,BIOMD0000000809.omex,,PASS,,
SYSBIO_BIOMD,BIOMD0000000810.omex,,PASS,,
SYSBIO_BIOMD,BIOMD0000000811.omex,,PASS,,
SYSBIO_BIOMD,BIOMD0000000812.omex,,PASS,,
SYSBIO_BIOMD,BIOMD0000000813.omex,,PASS,,
SYSBIO_BIOMD,BIOMD0000000814.omex,,,,
SYSBIO_BIOMD,BIOMD0000000815.omex,,PASS,,
SYSBIO_BIOMD,BIOMD0000000816.omex,,PASS,,
SYSBIO_BIOMD,BIOMD0000000817.omex,,PASS,,
SYSBIO_BIOMD,BIOMD0000000818.omex,,PASS,,
SYSBIO_BIOMD,BIOMD0000000819.omex,,PASS,,
SYSBIO_BIOMD,BIOMD0000000820.omex,,PASS,,
SYSBIO_BIOMD,BIOMD0000000821.omex,,PASS,,
SYSBIO_BIOMD,BIOMD0000000822.omex,,PASS,,
SYSBIO_BIOMD,BIOMD0000000823.omex,,PASS,,
SYSBIO_BIOMD,BIOMD0000000824.omex,,PASS,,
SYSBIO_BIOMD,BIOMD0000000825.omex,,PASS,,
SYSBIO_BIOMD,BIOMD0000000826.omex,,PASS,,
SYSBIO_BIOMD,BIOMD0000000827.omex,,,,
SYSBIO_BIOMD,BIOMD0000000828.omex,,PASS,,
SYSBIO_BIOMD,BIOMD0000000829.omex,,PASS,,
SYSBIO_BIOMD,BIOMD0000000830.omex,,,,
SYSBIO_BIOMD,BIOMD0000000831.omex,,PASS,,
SYSBIO_BIOMD,BIOMD0000000832.omex,,,,
SYSBIO_BIOMD,BIOMD0000000833.omex,,PASS,,
SYSBIO_BIOMD,BIOMD0000000834.omex,,PASS,,
SYSBIO_BIOMD,BIOMD0000000835.omex,,PASS,,
SYSBIO_BIOMD,BIOMD0000000836.omex,,PASS,,
SYSBIO_BIOMD,BIOMD0000000837.omex,,PASS,,
SYSBIO_BIOMD,BIOMD0000000838.omex,,PASS,,
SYSBIO_BIOMD,BIOMD0000000839.omex,,PASS,,
SYSBIO_BIOMD,BIOMD0000000840.omex,,PASS,,
SYSBIO_BIOMD,BIOMD0000000841.omex,,,,
SYSBIO_BIOMD,BIOMD0000000842.omex,,PASS,,
SYSBIO_BIOMD,BIOMD0000000843.omex,,PASS,,
SYSBIO_BIOMD,BIOMD0000000844.omex,,PASS,,
SYSBIO_BIOMD,BIOMD0000000845.omex,,PASS,,
SYSBIO_BIOMD,BIOMD0000000846.omex,,PASS,,
SYSBIO_BIOMD,BIOMD0000000847.omex,,,,
SYSBIO_BIOMD,BIOMD0000000848.omex,,PASS,,
SYSBIO_BIOMD,BIOMD0000000849.omex,,,,
SYSBIO_BIOMD,BIOMD0000000850.omex,,PASS,,
SYSBIO_BIOMD,BIOMD0000000851.omex,,PASS,,
SYSBIO_BIOMD,BIOMD0000000852.omex,,PASS,,
SYSBIO_BIOMD,BIOMD0000000853.omex,,PASS,,
SYSBIO_BIOMD,BIOMD0000000854.omex,,PASS,,
SYSBIO_BIOMD,BIOMD0000000855.omex,,PASS,,
SYSBIO_BIOMD,BIOMD0000000856.omex,,,,
SYSBIO_BIOMD,BIOMD0000000857.omex,,PASS,,
SYSBIO_BIOMD,BIOMD0000000858.omex,,PASS,,
SYSBIO_BIOMD,BIOMD0000000859.omex,,PASS,,
SYSBIO_BIOMD,BIOMD0000000860.omex,,PASS,,
SYSBIO_BIOMD,BIOMD0000000861.omex,,PASS,,
SYSBIO_BIOMD,BIOMD0000000862.omex,,PASS,,
SYSBIO_BIOMD,BIOMD0000000863.omex,,PASS,,
SYSBIO_BIOMD,BIOMD0000000864.omex,,PASS,,
SYSBIO_BIOMD,BIOMD0000000865.omex,,,,
SYSBIO_BIOMD,BIOMD0000000866.omex,,,,
SYSBIO_BIOMD,BIOMD0000000867.omex,,,,
SYSBIO_BIOMD,BIOMD0000000868.omex,,,,
SYSBIO_BIOMD,BIOMD0000000869.omex,,,,
SYSBIO_BIOMD,BIOMD0000000870.omex,,,,
SYSBIO_BIOMD,BIOMD0000000871.omex,,,,
SYSBIO_BIOMD,BIOMD0000000872.omex,,,,
SYSBIO_BIOMD,BIOMD0000000873.omex,,PASS,,
SYSBIO_BIOMD,BIOMD0000000874.omex,,PASS,,
SYSBIO_BIOMD,BIOMD0000000875.omex,,PASS,,
SYSBIO_BIOMD,BIOMD0000000876.omex,,PASS,,
SYSBIO_BIOMD,BIOMD0000000877.omex,,PASS,,
SYSBIO_BIOMD,BIOMD0000000878.omex,,PASS,,
SYSBIO_BIOMD,BIOMD0000000879.omex,,PASS,,
SYSBIO_BIOMD,BIOMD0000000880.omex,,PASS,,
SYSBIO_BIOMD,BIOMD0000000881.omex,,,,
SYSBIO_BIOMD,BIOMD0000000882.omex,,PASS,,
SYSBIO_BIOMD,BIOMD0000000883.omex,,PASS,,
SYSBIO_BIOMD,BIOMD0000000884.omex,,PASS,,
SYSBIO_BIOMD,BIOMD0000000885.omex,,PASS,,
SYSBIO_BIOMD,BIOMD0000000886.omex,,PASS,,
SYSBIO_BIOMD,BIOMD0000000887.omex,,PASS,,
SYSBIO_BIOMD,BIOMD0000000888.omex,,PASS,,
SYSBIO_BIOMD,BIOMD0000000889.omex,,PASS,,
SYSBIO_BIOMD,BIOMD0000000890.omex,,PASS,,
SYSBIO_BIOMD,BIOMD0000000891.omex,,PASS,,
SYSBIO_BIOMD,BIOMD0000000892.omex,,PASS,,
SYSBIO_BIOMD,BIOMD0000000893.omex,,PASS,,
SYSBIO_BIOMD,BIOMD0000000894.omex,,PASS,,
SYSBIO_BIOMD,BIOMD0000000895.omex,,PASS,,
SYSBIO_BIOMD,BIOMD0000000896.omex,,PASS,,
SYSBIO_BIOMD,BIOMD0000000897.omex,,PASS,,
SYSBIO_BIOMD,BIOMD0000000898.omex,,PASS,,
SYSBIO_BIOMD,BIOMD0000000899.omex,,,,
SYSBIO_BIOMD,BIOMD0000000900.omex,,PASS,,
SYSBIO_BIOMD,BIOMD0000000901.omex,,PASS,,
SYSBIO_BIOMD,BIOMD0000000902.omex,,PASS,,
SYSBIO_BIOMD,BIOMD0000000903.omex,,PASS,,
SYSBIO_BIOMD,BIOMD0000000904.omex,,PASS,,
SYSBIO_BIOMD,BIOMD0000000905.omex,,PASS,,
SYSBIO_BIOMD,BIOMD0000000906.omex,,PASS,,
SYSBIO_BIOMD,BIOMD0000000907.omex,,PASS,,
SYSBIO_BIOMD,BIOMD0000000908.omex,,,,
SYSBIO_BIOMD,BIOMD0000000909.omex,,PASS,,
SYSBIO_BIOMD,BIOMD0000000910.omex,,PASS,,
SYSBIO_BIOMD,BIOMD0000000911.omex,,PASS,,
SYSBIO_BIOMD,BIOMD0000000912.omex,,PASS,,
SYSBIO_BIOMD,BIOMD0000000913.omex,,PASS,,
SYSBIO_BIOMD,BIOMD0000000914.omex,,PASS,,
SYSBIO_BIOMD,BIOMD0000000915.omex,,PASS,,
SYSBIO_BIOMD,BIOMD0000000916.omex,,PASS,,
SYSBIO_BIOMD,BIOMD0000000917.omex,,PASS,,
SYSBIO_BIOMD,BIOMD0000000918.omex,,PASS,,
SYSBIO_BIOMD,BIOMD0000000919.omex,,,,
SYSBIO_BIOMD,BIOMD0000000920.omex,,PASS,,
SYSBIO_BIOMD,BIOMD0000000921.omex,,PASS,,
SYSBIO_BIOMD,BIOMD0000000922.omex,,PASS,,
SYSBIO_BIOMD,BIOMD0000000923.omex,,PASS,,
SYSBIO_BIOMD,BIOMD0000000924.omex,,PASS,,
SYSBIO_BIOMD,BIOMD0000000925.omex,,,,
SYSBIO_BIOMD,BIOMD0000000926.omex,,PASS,,
SYSBIO_BIOMD,BIOMD0000000927.omex,,,,
SYSBIO_BIOMD,BIOMD0000000928.omex,,PASS,,
SYSBIO_BIOMD,BIOMD0000000929.omex,,PASS,,
SYSBIO_BIOMD,BIOMD0000000930.omex,,PASS,,
SYSBIO_BIOMD,BIOMD0000000931.omex,,PASS,,
SYSBIO_BIOMD,BIOMD0000000932.omex,,PASS,,
SYSBIO_BIOMD,BIOMD0000000933.omex,,PASS,,
SYSBIO_BIOMD,BIOMD0000000934.omex,,PASS,,
SYSBIO_BIOMD,BIOMD0000000935.omex,,PASS,,
SYSBIO_BIOMD,BIOMD0000000936.omex,,PASS,,
SYSBIO_BIOMD,BIOMD0000000937.omex,,PASS,,
SYSBIO_BIOMD,BIOMD0000000938.omex,,PASS,,
SYSBIO_BIOMD,BIOMD0000000939.omex,,PASS,,
SYSBIO_BIOMD,BIOMD0000000940.omex,,PASS,,
SYSBIO_BIOMD,BIOMD0000000941.omex,,PASS,,
SYSBIO_BIOMD,BIOMD0000000942.omex,,PASS,,
SYSBIO_BIOMD,BIOMD0000000943.omex,,PASS,,
SYSBIO_BIOMD,BIOMD0000000944.omex,,PASS,,
SYSBIO_BIOMD,BIOMD0000000945.omex,,PASS,,
SYSBIO_BIOMD,BIOMD0000000946.omex,,PASS,,
SYSBIO_BIOMD,BIOMD0000000947.omex,,PASS,,
SYSBIO_BIOMD,BIOMD0000000948.omex,,PASS,,
SYSBIO_BIOMD,BIOMD0000000949.omex,,PASS,,
SYSBIO_BIOMD,BIOMD0000000950.omex,,PASS,,
SYSBIO_BIOMD,BIOMD0000000951.omex,,PASS,,
SYSBIO_BIOMD,BIOMD0000000952.omex,,,,
SYSBIO_BIOMD,BIOMD0000000953.omex,,PASS,,
SYSBIO_BIOMD,BIOMD0000000954.omex,,PASS,,
SYSBIO_BIOMD,BIOMD0000000955.omex,,PASS,,
SYSBIO_BIOMD,BIOMD0000000956.omex,,,,
SYSBIO_BIOMD,BIOMD0000000957.omex,,PASS,,
SYSBIO_BIOMD,BIOMD0000000958.omex,,PASS,,
SYSBIO_BIOMD,BIOMD0000000959.omex,,PASS,,
SYSBIO_BIOMD,BIOMD0000000960.omex,,PASS,,
SYSBIO_BIOMD,BIOMD0000000961.omex,,,,
SYSBIO_BIOMD,BIOMD0000000962.omex,,PASS,,
SYSBIO_BIOMD,BIOMD0000000963.omex,,PASS,,
SYSBIO_BIOMD,BIOMD0000000964.omex,,PASS,,
SYSBIO_BIOMD,BIOMD0000000965.omex,,,,
SYSBIO_BIOMD,BIOMD0000000966.omex,,PASS,,
SYSBIO_BIOMD,BIOMD0000000967.omex,,PASS,,
SYSBIO_BIOMD,BIOMD0000000968.omex,,PASS,,
SYSBIO_BIOMD,BIOMD0000000969.omex,,,,
SYSBIO_BIOMD,BIOMD0000000970.omex,,PASS,,
SYSBIO_BIOMD,BIOMD0000000971.omex,,PASS,,
SYSBIO_BIOMD,BIOMD0000000972.omex,,PASS,,
SYSBIO_BIOMD,BIOMD0000000973.omex,,PASS,,
SYSBIO_BIOMD,BIOMD0000000974.omex,,PASS,,
SYSBIO_BIOMD,BIOMD0000000975.omex,,PASS,,
SYSBIO_BIOMD,BIOMD0000000976.omex,,PASS,,
SYSBIO_BIOMD,BIOMD0000000977.omex,,PASS,,
SYSBIO_BIOMD,BIOMD0000000978.omex,,PASS,,
SYSBIO_BIOMD,BIOMD0000000979.omex,,PASS,,
SYSBIO_BIOMD,BIOMD0000000980.omex,,PASS,,
SYSBIO_BIOMD,BIOMD0000000981.omex,,PASS,,
SYSBIO_BIOMD,BIOMD0000000982.omex,,PASS,,
SYSBIO_BIOMD,BIOMD0000000983.omex,,PASS,,
SYSBIO_BIOMD,BIOMD0000000984.omex,,PASS,,
SYSBIO_BIOMD,BIOMD0000000985.omex,,PASS,,
SYSBIO_BIOMD,BIOMD0000000986.omex,,PASS,,
SYSBIO_BIOMD,BIOMD0000000987.omex,,PASS,,
SYSBIO_BIOMD,BIOMD0000000988.omex,,,,
SYSBIO_BIOMD,BIOMD0000000989.omex,,PASS,,
SYSBIO_BIOMD,BIOMD0000000990.omex,,PASS,,
SYSBIO_BIOMD,BIOMD0000000991.omex,,PASS,,
SYSBIO_BIOMD,BIOMD0000000994.omex,,PASS,,
SYSBIO_BIOMD,BIOMD0000000995.omex,,PASS,,
SYSBIO_BIOMD,BIOMD0000000996.omex,,PASS,,
SYSBIO_BIOMD,BIOMD0000000997.omex,,PASS,,
SYSBIO_BIOMD,BIOMD0000000998.omex,,PASS,,
SYSBIO_BIOMD,BIOMD0000000999.omex,,PASS,,
SYSBIO_BIOMD,BIOMD0000001000.omex,,PASS,,
SYSBIO_BIOMD,BIOMD0000001001.omex,,PASS,,
SYSBIO_BIOMD,BIOMD0000001002.omex,,PASS,,
SYSBIO_BIOMD,BIOMD0000001003.omex,,PASS,,
SYSBIO_BIOMD,BIOMD0000001004.omex,,PASS,,
SYSBIO_BIOMD,BIOMD0000001005.omex,,PASS,,
SYSBIO_BIOMD,BIOMD0000001006.omex,,PASS,,
SYSBIO_BIOMD,BIOMD0000001007.omex,,PASS,,
SYSBIO_BIOMD,BIOMD0000001008.omex,,PASS,,
SYSBIO_BIOMD,BIOMD0000001009.omex,,PASS,,
SYSBIO_BIOMD,BIOMD0000001010.omex,,PASS,,
SYSBIO_BIOMD,BIOMD0000001011.omex,,PASS,,
SYSBIO_BIOMD,BIOMD0000001012.omex,,PASS,,
SYSBIO_BIOMD,BIOMD0000001013.omex,,,,
SYSBIO_BIOMD,BIOMD0000001014.omex,,PASS,,
SYSBIO_BIOMD,BIOMD0000001015.omex,,PASS,,
SYSBIO_BIOMD,BIOMD0000001016.omex,,PASS,,
SYSBIO_BIOMD,BIOMD0000001017.omex,,PASS,,
SYSBIO_BIOMD,BIOMD0000001018.omex,,PASS,,
SYSBIO_BIOMD,BIOMD0000001019.omex,,PASS,,
SYSBIO_BIOMD,BIOMD0000001020.omex,,PASS,,
SYSBIO_BIOMD,BIOMD0000001021.omex,,,,
SYSBIO_BIOMD,BIOMD0000001022.omex,,,,
SYSBIO_BIOMD,BIOMD0000001023.omex,,PASS,,
SYSBIO_BIOMD,BIOMD0000001024.omex,,PASS,,
SYSBIO_BIOMD,BIOMD0000001025.omex,,,,
SYSBIO_BIOMD,BIOMD0000001026.omex,,,,
SYSBIO_BIOMD,BIOMD0000001027.omex,,,,
SYSBIO_BIOMD,BIOMD0000001028.omex,,,,
SYSBIO_BIOMD,BIOMD0000001029.omex,,,,
SYSBIO_BIOMD,BIOMD0000001030.omex,,,,
SYSBIO_BIOMD,BIOMD0000001031.omex,,,,
SYSBIO_BIOMD,BIOMD0000001032.omex,,PASS,,
SYSBIO_BIOMD,BIOMD0000001033.omex,,PASS,,
SYSBIO_BIOMD,BIOMD0000001034.omex,,PASS,,
SYSBIO_BIOMD,BIOMD0000001035.omex,,,,
SYSBIO_BIOMD,BIOMD0000001036.omex,,PASS,,
SYSBIO_BIOMD,BIOMD0000001037.omex,,PASS,,
SYSBIO_BIOMD,BIOMD0000001038.omex,,PASS,,
SYSBIO_BIOMD,BIOMD0000001039.omex,,,,
SYSBIO_BIOMD,BIOMD0000001040.omex,,,,
SYSBIO_BIOMD,BIOMD0000001041.omex,,PASS,,
SYSBIO_BIOMD,BIOMD0000001042.omex,,,,
SYSBIO_BIOMD,BIOMD0000001043.omex,,,,
SYSBIO_BIOMD,BIOMD0000001044.omex,,,,
SYSBIO_BIOMD,BIOMD0000001045.omex,,PASS,,
SYSBIO_BIOMD,BIOMD0000001046.omex,,,,
SYSBIO_BIOMD,BIOMD0000001047.omex,,PASS,,
SYSBIO_BIOMD,BIOMD0000001048.omex,,PASS,,
SYSBIO_BIOMD,BIOMD0000001052.omex,,PASS,,
SYSBIO_BIOMD,BIOMD0000001053.omex,,PASS,,
SYSBIO_BIOMD,BIOMD0000001054.omex,,PASS,,
SYSBIO_BIOMD,BIOMD0000001055.omex,,PASS,,
SYSBIO_BIOMD,BIOMD0000001056.omex,,PASS,,
SYSBIO_BIOMD,BIOMD0000001057.omex,,PASS,,
SYSBIO_BIOMD,BIOMD0000001058.omex,,PASS,,
SYSBIO_BIOMD,BIOMD0000001059.omex,,PASS,,
SYSBIO_BIOMD,BIOMD0000001060.omex,,PASS,,
SYSBIO_BIOMD,BIOMD0000001061.omex,,,,
SYSBIO_BIOMD,BIOMD0000001062.omex,,,,
SYSBIO_BIOMD,BIOMD0000001063.omex,,,,
SYSBIO_BIOMD,BIOMD0000001064.omex,,,,
SYSBIO_BIOMD,BIOMD0000001065.omex,,PASS,,
SYSBIO_BIOMD,BIOMD0000001066.omex,,,,
SYSBIO_BIOMD,BIOMD0000001067.omex,,,,
SYSBIO_BIOMD,BIOMD0000001068.omex,,,,
SYSBIO_BIOMD,BIOMD0000001069.omex,,,,
SYSBIO_BIOMD,BIOMD0000001070.omex,,,,
SYSBIO_BIOMD,BIOMD0000001071.omex,,,,
SYSBIO_BIOMD,BIOMD0000001072.omex,,PASS,,
SYSBIO_BIOMD,BIOMD0000001073.omex,,,,
SYSBIO_BIOMD,BIOMD0000001074.omex,,,,
SYSBIO_BIOMD,BIOMD0000001076.omex,,,,
SYSBIO_BIOMD,BIOMD0000001077.omex,,PASS,,
SYSBIO_BIOMD,BIOMD0000001078.omex,,PASS,,
SYSBIO_BIOMD,BIOMD0000001079.omex,,PASS,,
SYSBIO_BIOMD,BIOMD0000001080.omex,,PASS,,
